encoder_name,n,repeat,status,satisfiable,num_vars,num_clauses,num_aux_vars,encoding_time,solving_time,decode_time,total_time,wall_total,process_wall_time,conflicts,decisions,propagations,restarts,native_status,error_type
BinaryEncoder,20,1,SAT,True,866,7296,466,0.006058400002075359,0.3561681999999564,9.869999485090375e-05,0.3622266000020318,0.3623453000036534,2.645930500002578,7625,9084,568456,2,,
BinaryEncoder,20,2,SAT,True,866,7296,466,0.006317299994407222,0.27969719999236986,9.779998799785972e-05,0.2860144999867771,0.2861302999954205,2.606264400004875,7625,9084,568456,2,,
BinaryEncoder,20,3,SAT,True,866,7296,466,0.007098700007190928,0.28848489999654703,9.929999941959977e-05,0.29558360000373796,0.2957052999990992,2.479138900001999,7625,9084,568456,2,,
BinaryEncoder,50,1,SAT,True,4036,57244,1536,0.06147059999057092,0.05466100000194274,0.00024720001965761185,0.11613159999251366,0.11639629999990575,2.3483101000019815,385,2614,52875,3,,
BinaryEncoder,50,2,SAT,True,4036,57244,1536,0.06627450001542456,0.07334509998327121,0.00030289997812360525,0.13961959999869578,0.13995030001387931,2.5884197000123095,385,2614,52875,3,,
BinaryEncoder,50,3,SAT,True,4036,57244,1536,0.09873819997301325,0.05690290001803078,0.00023549998877570033,0.15564109999104403,0.15589890000410378,2.4415927000227384,385,2614,52875,3,,
BinaryEncoder,100,1,SAT,True,13678,269024,3678,0.2937996000109706,0.2130452000128571,0.0007688000041525811,0.5068448000238277,0.5076379000092857,2.767314599972451,346,9766,123320,4,,
BinaryEncoder,100,2,SAT,True,13678,269024,3678,0.2954924999794457,0.219113400002243,0.0007936999900266528,0.5146058999816887,0.5154218999959994,2.749953499995172,346,9766,123320,4,,
BinaryEncoder,100,3,SAT,True,13678,269024,3678,0.26291519997175783,0.24649600000702776,0.0009578000172041357,0.5094111999787856,0.5103965000016615,2.968705700011924,346,9766,123320,4,,
BinaryEncoder,150,1,SAT,True,28664,676100,6164,0.8075096000102349,0.6617327999847475,0.001859600015450269,1.4692423999949824,1.4711254999856465,3.9428092000016477,493,28518,285943,5,,
BinaryEncoder,150,2,SAT,True,28664,676100,6164,0.8028143999981694,0.6382828999776393,0.0018742000102065504,1.4410972999758087,1.4429992999939714,3.9635381000116467,493,28518,285943,5,,
BinaryEncoder,150,3,SAT,True,28664,676100,6164,0.7644541000190657,0.7050877999863587,0.0017056000069715083,1.4695419000054244,1.4712731000036001,4.124371699988842,493,28518,285943,5,,
BinaryEncoder,200,1,SAT,True,48564,1236200,8564,1.4703977000026498,1.6928072999871802,0.0029304999916348606,3.16320499998983,3.1661594999895897,5.675148699985584,1896,42368,901390,5,,
BinaryEncoder,200,2,SAT,True,48564,1236200,8564,1.5161152000073344,1.8376823000144213,0.0025147999986074865,3.3537975000217557,3.356333399977302,5.7978236000053585,1896,42368,901390,5,,
BinaryEncoder,200,3,SAT,True,48564,1236200,8564,1.5067123000044376,1.452230299997609,0.004149300017161295,2.9589426000020467,2.963124500005506,5.605361900001299,1896,42368,901390,5,,
ILP-Gurobi,20,1,SAT,True,400,118,0,0.4715431999939028,0.00443450000602752,0.001354500011075288,0.47597769999993034,0.4773546000069473,8.629790500010131,,,,,2,
ILP-Gurobi,20,2,SAT,True,400,118,0,0.029188400018028915,0.004362900013802573,0.0011196999985259026,0.03355130003183149,0.03469000000040978,2.4407420000061393,,,,,2,
ILP-Gurobi,20,3,SAT,True,400,118,0,0.016179699974600226,0.003779000020585954,0.000684200000250712,0.01995869999518618,0.020659099973272532,2.4574324999994133,,,,,2,
ILP-Gurobi,50,1,SAT,True,2500,298,0,0.03885939999599941,0.13634260001708753,0.005122500006109476,0.17520200001308694,0.18034760002046824,2.6900227000005543,,,,,2,
ILP-Gurobi,50,2,SAT,True,2500,298,0,0.031111199990846217,0.10787859998526983,0.008693400013726205,0.13898979997611605,0.1477149999991525,2.6936416000244208,,,,,2,
ILP-Gurobi,50,3,SAT,True,2500,298,0,0.0368192000023555,0.09089749999111518,0.005951200000708923,0.12771669999347068,0.13369419999071397,2.6486222999810707,,,,,2,
ILP-Gurobi,100,1,SAT,True,10000,598,0,0.09630139998625964,0.009051900007762015,0.02283719999832101,0.10535329999402165,0.1282333999988623,2.668012899986934,,,,,2,
ILP-Gurobi,100,2,SAT,True,10000,598,0,0.20884570002090186,0.03246080002281815,0.03781059998436831,0.24130650004372,0.27914870000677183,3.0309853999933694,,,,,2,
ILP-Gurobi,100,3,SAT,True,10000,598,0,0.1054463000036776,0.01440119999460876,0.02400200002011843,0.11984749999828637,0.14387279999209568,2.851819200004684,,,,,2,
ILP-Gurobi,150,1,SAT,True,22500,898,0,0.26599549999809824,0.019636199984233826,0.04765239998232573,0.28563169998233207,0.33332949999021366,3.12919310000143,,,,,2,
ILP-Gurobi,150,2,SAT,True,22500,898,0,0.24054629998863675,0.01920449998578988,0.04940970000461675,0.2597507999744266,0.30918739998014644,2.7868638999934774,,,,,2,
ILP-Gurobi,150,3,SAT,True,22500,898,0,0.2537423000030685,0.022686699987389147,0.04086159999133088,0.27642899999045767,0.31731340000987984,2.735825499985367,,,,,2,
ILP-Gurobi,200,1,SAT,True,40000,1198,0,0.4605874000117183,0.03527239998220466,0.07064280001213774,0.49585979999392293,0.5665265000134241,3.1393235999858007,,,,,2,
ILP-Gurobi,200,2,SAT,True,40000,1198,0,0.4731716999958735,0.029104899993399158,0.07389220001641661,0.5022765999892727,0.5761921999801416,2.9362459999974817,,,,,2,
ILP-Gurobi,200,3,SAT,True,40000,1198,0,0.3967677000036929,0.03511440000147559,0.07185000000754371,0.43188210000516847,0.50376839999808,3.178711899992777,,,,,2,
CP-SAT-ORTools,20,1,SAT,True,20,3,0,0.0012153999996371567,0.0457981999788899,0.0001191999763250351,0.047013599978527054,0.04716210000333376,2.4664811000111513,,,,,OPTIMAL,
CP-SAT-ORTools,20,2,SAT,True,20,3,0,0.0021609000104945153,0.06276810000417754,0.00018560001626610756,0.06492900001467206,0.06521860000793822,2.5081170999910682,,,,,OPTIMAL,
CP-SAT-ORTools,20,3,SAT,True,20,3,0,0.0011821000080090016,0.03904279999551363,0.0001480999926570803,0.040224900003522635,0.04041810001945123,2.5540670000191312,,,,,OPTIMAL,
CP-SAT-ORTools,50,1,SAT,True,50,3,0,0.0017416999908164144,0.3129620999970939,0.000575500016566366,0.3147037999879103,0.3154494999907911,2.9655249000061303,,,,,OPTIMAL,
CP-SAT-ORTools,50,2,SAT,True,50,3,0,0.002743599994573742,0.337989399995422,0.0001632000203244388,0.34073299998999573,0.34092560000135563,3.0359097000036854,,,,,OPTIMAL,
CP-SAT-ORTools,50,3,SAT,True,50,3,0,0.0025301999994553626,0.3227391999971587,0.00018790000467561185,0.3252693999966141,0.32548879997921176,3.423737999983132,,,,,OPTIMAL,
CP-SAT-ORTools,100,1,SAT,True,100,3,0,0.0027750000008381903,2.0100377000053413,0.0003220000071451068,2.0128127000061795,2.0131669999973383,4.574835000006715,,,,,OPTIMAL,
CP-SAT-ORTools,100,2,SAT,True,100,3,0,0.003463400003965944,2.1011667999846395,0.000370699999621138,2.1046301999886055,2.1050487000029534,4.714281099993968,,,,,OPTIMAL,
CP-SAT-ORTools,100,3,SAT,True,100,3,0,0.002352500014239922,1.7758437000156846,0.0002538000117056072,1.7781962000299245,1.7784781999944244,4.182181300013326,,,,,OPTIMAL,
CP-SAT-ORTools,150,1,SAT,True,150,3,0,0.0034989000123459846,13.265403800003696,0.0006405999884009361,13.268902700016042,13.269589300005464,15.612026999995578,,,,,OPTIMAL,
CP-SAT-ORTools,150,2,SAT,True,150,3,0,0.00355740002123639,14.21306600002572,0.0005873999907635152,14.216623400046956,14.217257500014966,16.63010910002049,,,,,OPTIMAL,
CP-SAT-ORTools,150,3,SAT,True,150,3,0,0.0039440999971702695,13.111663399991812,0.0004037999897263944,13.115607499988982,13.116041100001894,15.3319319000002,,,,,OPTIMAL,
CP-SAT-ORTools,200,1,SAT,True,200,3,0,0.00477669999236241,46.52835710000363,0.0007097999914549291,46.533133799995994,46.53388810000615,48.83785759998136,,,,,OPTIMAL,
CP-SAT-ORTools,200,2,SAT,True,200,3,0,0.004051900003105402,49.916470399999525,0.0007994000043254346,49.92052230000263,49.9213652999897,52.55541620001895,,,,,OPTIMAL,
CP-SAT-ORTools,200,3,SAT,True,200,3,0,0.004655400000046939,50.328702700004214,0.00044979999074712396,50.33335810000426,50.333840100007365,53.0308763999783,,,,,OPTIMAL,
