encoder_name,n,status,n_repeats,n_success,satisfiable,num_vars,num_clauses,num_aux_vars,encoding_time,solving_time,decode_time,total_time,wall_total,conflicts,decisions,propagations,restarts
BinomialEncoder,20,SAT,3,3,True,400,12580,0,0.013685600002645515,0.01096989999859943,5.8400000852998346e-05,0.024655500001244945,0.024744700000155717,161.0,490.0,3597.0,2.0
BinomialEncoder,50,SAT,3,3,True,2500,203450,0,0.23723140000220155,0.12958010000147624,0.00018730000010691583,0.3668115000036778,0.3671323000016855,243.0,1820.0,11935.0,2.0
BinomialEncoder,100,SAT,3,3,True,10000,1646900,0,1.919989500001975,1.316619699999137,0.0006035000005795155,3.236609200001112,3.237242700000934,438.0,10167.0,51922.0,3.0
BinaryEncoder,20,SAT,3,3,True,866,7296,466,0.009345700000267243,0.29072050000104355,7.91000020399224e-05,0.29963929999939865,0.29974009999932605,7625.0,9084.0,568456.0,2.0
BinaryEncoder,50,SAT,3,3,True,4036,57244,1536,0.07796919999964302,0.05312979999871459,0.00027799999952549115,0.1310989999983576,0.13136410000151955,385.0,2614.0,52875.0,3.0
BinaryEncoder,100,SAT,3,3,True,13678,269024,3678,0.33048090000011143,0.22042700000019977,0.0009038999996846542,0.5339478999994753,0.5403867999993963,346.0,9766.0,123320.0,4.0
CommanderEncoder,20,SAT,3,3,True,1172,5050,772,0.006739399999787565,0.012593100000231061,0.00011970000196015462,0.019332500000018626,0.019429599997238256,397.0,742.0,33087.0,2.0
CommanderEncoder,50,SAT,3,3,True,7514,33740,5014,0.06629780000002938,0.0644027999987884,0.0005354999993869569,0.13349949999974342,0.13390769999750773,415.0,3199.0,102093.0,4.0
CommanderEncoder,100,SAT,3,3,True,30536,138628,20536,0.21019209999940358,0.4976143999992928,0.0014880999988235999,0.7078064999986964,0.7094548999994004,1990.0,10873.0,806358.0,4.0
SequentialEncoder,20,SAT,3,3,True,1882,4372,1482,0.0052260999982536305,0.02997500000128639,0.00015350000103353523,0.03556429999662214,0.035744100001465995,866.0,1449.0,87279.0,2.0
SequentialEncoder,50,SAT,3,3,True,12202,28912,9702,0.026029499997093808,2.9741614000013215,0.000802099999418715,3.0001908999984153,3.0012601999987965,18468.0,24799.0,4684717.0,5.0
SequentialEncoder,100,SAT,3,3,True,49402,117812,39402,0.1586803999998665,70.98002500000075,0.003502600000501843,71.1446554000031,71.1480784000014,101044.0,126969.0,50310102.0,5.0
ProductEncoder,20,SAT,3,3,True,1190,4524,790,0.0068872999981977046,0.574211600000126,0.00010589999874355271,0.5810988999983238,0.5812154999985069,10218.0,12316.0,894649.0,3.0
ProductEncoder,50,SAT,3,3,True,5890,30330,3390,0.033106800001405645,28.007934700002806,0.000370699999621138,28.035951400001068,28.036346000000776,100558.0,115500.0,21715551.0,3.0
ProductEncoder,100,SAT,3,3,True,19428,117736,9428,0.15912720000051195,36.6366909999997,0.0017434000001230743,36.79581820000021,36.797016699998494,100361.0,128082.0,38098586.0,3.0
ILP-PuLP-CBC,20,TIMEOUT,3,0,,,,,,,,,,,,,
ILP-PuLP-CBC,50,SAT,3,3,True,2500,294,0,0.02580820000002859,0.7453381000013906,0.0007980000009411015,0.7711463000014191,0.7717964999974356,,,,
ILP-PuLP-CBC,100,SAT,3,3,True,10000,594,0,0.10247610000078566,9.702623099998164,0.0032646999970893376,9.80509919999895,9.808369200000016,,,,
ILP-Gurobi,20,SAT,3,3,True,400,118,0,0.031200600002193823,0.003661199996713549,0.00068710000050487,0.03496410000661854,0.0356822000030661,,,,
ILP-Gurobi,50,SAT,3,3,True,2500,298,0,0.03158560000156285,0.08776030000444734,0.00415179999981774,0.12354690000211122,0.1271822999988217,,,,
ILP-Gurobi,100,SAT,3,3,True,10000,598,0,0.11827330000232905,0.01179979999869829,0.01839829999516951,0.13195420000556624,0.1546821000010823,,,,
CP-SAT-ORTools,20,SAT,3,3,True,20,3,0,0.0019482999996398576,0.042066499998327345,0.0001455999954487197,0.043585600004007574,0.04378520000318531,,,,
CP-SAT-ORTools,50,SAT,3,3,True,50,3,0,0.002151099994080141,0.30926439999893773,0.00021720000222558156,0.3114154999930179,0.31176099999720464,,,,
CP-SAT-ORTools,100,SAT,3,3,True,100,3,0,0.0034662999969441444,1.7367712999985088,0.0002491999985068105,1.7402413000017987,1.74055010000302,,,,
