encoder_name,n,num_vars,num_clauses,num_aux_vars,encoding_time,solving_time,total_time,satisfiable
BinomialEncoder,4,16,84,0,0.000189,0.000267,0.000456,True
BinomialEncoder,8,64,744,0,0.000942,0.000896,0.001839,True
BinomialEncoder,10,100,1490,0,0.00184,0.001272,0.003112,True
BinomialEncoder,15,225,5210,0,0.005689,0.006192,0.011881,True
BinomialEncoder,20,400,12580,0,0.012225,0.011289,0.023515,True
BinomialEncoder,25,625,24850,0,0.023445,0.017628,0.041073,True
BinomialEncoder,30,900,43270,0,0.059815,0.035739,0.095555,True
BinomialEncoder,40,1600,103560,0,0.109055,0.063633,0.172688,True
BinomialEncoder,50,2500,203450,0,0.223284,0.139207,0.362491,True
BinomialEncoder,75,5625,692050,0,0.755057,0.509186,1.264242,True
BinomialEncoder,100,10000,1646900,0,1.754517,1.126685,2.881202,True
BinaryEncoder,4,48,120,32,0.000223,0.000257,0.00048,True
BinaryEncoder,8,174,728,110,0.001098,0.001063,0.002161,True
BinaryEncoder,10,272,1420,172,0.001715,0.002237,0.003952,True
BinaryEncoder,15,517,3430,292,0.004251,0.034705,0.038956,True
BinaryEncoder,20,866,7296,466,0.007353,0.323269,0.330622,True
BinaryEncoder,25,1241,11806,616,0.014258,0.140914,0.155173,True
BinaryEncoder,30,1666,17316,766,0.025832,0.053899,0.079731,True
BinaryEncoder,40,2776,35624,1176,0.032518,0.065466,0.097985,True
BinaryEncoder,50,4036,57244,1536,0.075607,0.060659,0.136266,True
BinaryEncoder,75,8253,146474,2628,0.149862,0.249963,0.399826,True
BinaryEncoder,100,13678,269024,3678,0.331522,0.249974,0.581496,True
BinaryEncoder,150,28664,676100,6164,0.892671,0.694006,1.586676,True
BinaryEncoder,200,48564,1236200,8564,1.576705,1.630548,3.207254,True
CommanderEncoder,4,36,124,20,0.000298,0.000387,0.000684,True
CommanderEncoder,8,154,634,90,0.001078,0.001034,0.002113,True
CommanderEncoder,10,292,1166,192,0.001623,0.003143,0.004766,True
CommanderEncoder,15,637,2722,412,0.004221,0.029933,0.034154,True
CommanderEncoder,20,1172,5050,772,0.006439,0.01279,0.019229,True
CommanderEncoder,25,1813,8018,1188,0.011057,1.18491,1.195967,True
CommanderEncoder,30,2728,11954,1828,0.013169,0.24801,0.261179,True
CommanderEncoder,40,4882,21542,3282,0.03588,8.156669,8.192549,True
CommanderEncoder,50,7514,33740,5014,0.051458,0.069751,0.121209,True
CommanderEncoder,75,16825,76746,11200,0.10518,0.748828,0.854008,True
CommanderEncoder,100,30536,138628,20536,0.209328,0.604679,0.814007,True
SequentialEncoder,4,58,116,42,0.000213,0.000326,0.000539,True
SequentialEncoder,8,274,604,210,0.000886,0.00096,0.001845,True
SequentialEncoder,10,442,992,342,0.001286,0.002611,0.003897,True
SequentialEncoder,15,1037,2382,812,0.003093,0.021136,0.024229,True
SequentialEncoder,20,1882,4372,1482,0.003677,0.028759,0.032436,True
SequentialEncoder,25,2977,6962,2352,0.007691,0.084766,0.092457,True
SequentialEncoder,30,4322,10152,3422,0.014087,0.406134,0.420221,True
SequentialEncoder,40,7762,18332,6162,0.021992,0.553831,0.575823,True
SequentialEncoder,50,12202,28912,9702,0.044978,3.084465,3.129443,True
SequentialEncoder,75,27677,65862,22052,0.07961,6.377917,6.457527,True
SequentialEncoder,100,49402,117812,39402,0.161519,68.02037,68.181889,True
ProductEncoder,4,16,84,0,0.000217,0.000218,0.000436,True
ProductEncoder,8,216,662,152,0.001108,0.001377,0.002485,True
ProductEncoder,10,346,1122,246,0.002744,0.007216,0.00996,True
ProductEncoder,15,721,2542,496,0.003617,0.044889,0.048505,True
ProductEncoder,20,1190,4524,790,0.005794,0.666128,0.671921,True
ProductEncoder,25,1753,7126,1128,0.00923,21.485018,21.494249,True
ProductEncoder,30,2406,10366,1506,0.012795,23.279192,23.291986,True
ProductEncoder,40,3978,18912,2378,0.024074,28.912009,28.936083,True
ProductEncoder,50,5890,30330,3390,0.035611,34.762458,34.798069,True
ILP-PuLP-CBC,4,16,18,0,0.000547,0.037392,0.037939,True
ILP-PuLP-CBC,8,64,42,0,0.001242,0.067987,0.069229,True
ILP-PuLP-CBC,10,100,54,0,0.001635,0.066534,0.068169,True
ILP-PuLP-CBC,15,225,84,0,0.002881,0.125991,0.128872,True
ILP-PuLP-CBC,20,400,114,0,0.005574,1.638021,1.643595,True
ILP-PuLP-CBC,25,625,144,0,0.008374,0.162,0.170374,True
ILP-PuLP-CBC,30,900,174,0,0.010676,0.218073,0.228749,True
ILP-PuLP-CBC,40,1600,234,0,0.021483,0.319864,0.341347,True
ILP-PuLP-CBC,50,2500,294,0,0.02756,0.763103,0.790663,True
ILP-PuLP-CBC,75,5625,444,0,0.072887,3.12865,3.201536,True
ILP-PuLP-CBC,100,10000,594,0,0.117905,10.295115,10.41302,True
CP-SAT-ORTools,4,4,3,0,0.000913,0.009361,0.010275,True
CP-SAT-ORTools,8,8,3,0,0.000661,0.013214,0.013875,True
CP-SAT-ORTools,10,10,3,0,0.000722,0.014952,0.015674,True
CP-SAT-ORTools,15,15,3,0,0.000875,0.032998,0.033873,True
CP-SAT-ORTools,20,20,3,0,0.000973,0.050245,0.051218,True
CP-SAT-ORTools,25,25,3,0,0.000855,0.073663,0.074518,True
CP-SAT-ORTools,30,30,3,0,0.001066,0.109989,0.111054,True
CP-SAT-ORTools,40,40,3,0,0.001428,0.210238,0.211666,True
CP-SAT-ORTools,50,50,3,0,0.001335,0.364433,0.365768,True
CP-SAT-ORTools,75,75,3,0,0.00199,0.877497,0.879488,True
CP-SAT-ORTools,100,100,3,0,0.00228,1.816992,1.819272,True
CP-SAT-ORTools,150,150,3,0,0.004145,14.948509,14.952654,True
CP-SAT-ORTools,200,200,3,0,0.005074,22.482258,22.487332,True
ILP-CPLEX,4,16,18,0,0.019748,0.01312,0.032867,True
ILP-CPLEX,8,64,42,0,0.007128,0.012214,0.019342,True
ILP-CPLEX,10,100,54,0,0.010052,0.013503,0.023554,True
ILP-CPLEX,15,225,84,0,0.011582,0.013491,0.025073,True
ILP-CPLEX,20,400,114,0,0.017104,0.015596,0.0327,True
ILP-CPLEX,25,625,144,0,0.023242,0.020331,0.043573,True
ILP-CPLEX,30,900,174,0,0.033318,0.023603,0.056922,True
ILP-CPLEX,40,1600,0,0,0.061798,inf,inf,False
ILP-CPLEX,50,2500,0,0,0.080301,inf,inf,False
ILP-CPLEX,75,5625,0,0,0.161344,inf,inf,False
ILP-CPLEX,100,10000,0,0,0.302061,inf,inf,False
CP-CPLEX,4,4,3,0,0.001211,0.146335,0.147545,True
CP-CPLEX,8,8,3,0,0.001033,0.04264,0.043673,True
CP-CPLEX,10,10,3,0,0.001133,0.042627,0.04376,True
CP-CPLEX,15,15,3,0,0.001196,0.040527,0.041723,True
CP-CPLEX,20,20,3,0,0.001049,0.045446,0.046496,True
CP-CPLEX,25,25,3,0,0.001104,0.04521,0.046315,True
CP-CPLEX,30,30,3,0,0.001165,0.042652,0.043817,True
CP-CPLEX,40,40,3,0,0.001474,0.04633,0.047804,True
CP-CPLEX,50,50,3,0,0.001493,0.046237,0.04773,True
CP-CPLEX,75,75,3,0,0.001665,0.05565,0.057315,True
CP-CPLEX,100,100,3,0,0.001987,0.095113,0.0971,True
CP-CPLEX,150,150,0,0,0.033715,inf,inf,False
CP-CPLEX,200,200,0,0,0.036824,inf,inf,False
ILP-Gurobi,4,16,22,0,0.0070079999980710754,0.003309266668414542,0.010317266666485617,True
ILP-Gurobi,8,64,46,0,0.007137733334578418,0.0034106666692726626,0.01054840000385108,True
ILP-Gurobi,10,100,58,0,0.008650633334279215,0.0035663999976047003,0.012217033331883917,True
ILP-Gurobi,15,225,88,0,0.009967633333872072,0.0036698999974760227,0.013637533331348095,True
ILP-Gurobi,20,400,118,0,0.010850033332341505,0.003429099999872657,0.014279133332214164,True
ILP-Gurobi,25,625,148,0,0.01449993333274809,0.0039076333317401195,0.01840756666448821,True
ILP-Gurobi,30,900,178,0,0.024391400002059527,0.004554633332494025,0.02894603333455355,True
ILP-Gurobi,40,1600,238,0,0.03441426666540792,0.04102969999803463,0.07544396666344255,True
ILP-Gurobi,50,2500,298,0,0.038151033334240005,0.11305150000165061,0.15120253333589062,True
ILP-Gurobi,75,5625,448,0,0.07812820000011318,0.10542693333263742,0.18355513333275061,True
ILP-Gurobi,100,10000,598,0,0.1384960666691768,0.011478600002495417,0.14997466667167222,True
ILP-Gurobi,150,22500,898,0,0.3363416666640357,0.02732816666927344,0.3636698333333091,True
ILP-Gurobi,200,40000,1198,0,0.5476296999986516,0.05305219999960779,0.6006818999982594,True
